{
  "BM_fit_data": {
    "Ca-X2O": {
      "E0": -2452.9627877822613,
      "bulk_deriv": -12.535884470804683,
      "bulk_modulus_ev_ang3": 7.732676100401994,
      "min_volume": 57.53520538819792,
      "residuals": 0.30080099548790806
    },
    "Cs-X2O": null,
    "Rb-X2O": null
  },
  "BM_fit_data_pre_refinement": {
    "Ca-X2O": {
      "E0": -2200.6432573378097,
      "bulk_deriv": -9.835971843883213,
      "bulk_modulus_ev_ang3": 17.263086693817996,
      "min_volume": 56.98667389569191,
      "residuals": 0.4237650142390821
    },
    "Cs-X2O": null,
    "Rb-X2O": null
  },
  "completely_off": [
    {
      "configuration": "X2O",
      "element": "Cs",
      "side": "right"
    }
  ],
  "ecuts_used_Ha": {
    "Ca-X2O": 2.4,
    "Cs-X2O": 2.4,
    "Rb-X2O": 2.4
  },
  "eos_data": {
    "Ca-X2O": [
      [
        52.729001606261924,
        -2451.957435715586
      ],
      [
        53.850895257457545,
        -2452.5683138936415
      ],
      [
        54.97278890865736,
        -2452.6076981972537
      ],
      [
        56.0946825598521,
        -2452.4527460188297
      ],
      [
        57.21657621105166,
        -2453.1581001558816
      ],
      [
        58.33846986224616,
        -2453.0452893354172
      ],
      [
        59.46036351344197,
        -2452.5953395159995
      ]
    ],
    "Cs-X2O": [
      [
        90.69074665261134,
        -1683.1263122622606
      ],
      [
        92.62033700692133,
        -1683.2470025301332
      ],
      [
        94.54992736123064,
        -1683.336532445221
      ],
      [
        96.47951771554298,
        -1683.2728149411325
      ],
      [
        98.40910806985764,
        -1683.5082621609122
      ],
      [
        100.33869842416725,
        -1683.521675406067
      ],
      [
        102.26828877847355,
        -1683.6340515610518
      ]
    ],
    "Rb-X2O": [
      [
        76.21018922538278,
        -1868.578596194671
      ],
      [
        77.83168261315393,
        -1868.6800568442052
      ],
      [
        79.45317600093271,
        -1868.883690638374
      ],
      [
        81.0746693887054,
        -1869.0059504290439
      ],
      [
        82.6961627764768,
        -1868.9116476163076
      ],
      [
        84.31765616425196,
        -1869.2348295519519
      ],
      [
        85.9391495520276,
        -1869.1952579967356
      ]
    ]
  },
  "eos_data_pre_refinement": {
    "Ca-X2O": [
      [
        52.729001606261924,
        -2198.3989113574453
      ],
      [
        53.850895257457545,
        -2200.0915999176345
      ],
      [
        54.97278890865736,
        -2200.1401733464013
      ],
      [
        56.0946825598521,
        -2199.4352892804322
      ],
      [
        57.21657621105166,
        -2201.199513810089
      ],
      [
        58.33846986224616,
        -2200.704685250719
      ],
      [
        59.46036351344197,
        -2199.3651765619434
      ]
    ],
    "Cs-X2O": [
      [
        90.69074665261134,
        -1607.4841421284598
      ],
      [
        92.62033700692133,
        -1607.746372713211
      ],
      [
        94.54992736123064,
        -1607.8958810783067
      ],
      [
        96.47951771554298,
        -1607.6156594011688
      ],
      [
        98.40910806985764,
        -1608.2636938949865
      ],
      [
        100.33869842416725,
        -1608.2090352589516
      ],
      [
        102.26828877847355,
        -1608.512571735649
      ]
    ],
    "Rb-X2O": [
      [
        76.21018922538278,
        -1752.6291378773137
      ],
      [
        77.83168261315393,
        -1752.81641008152
      ],
      [
        79.45317600093271,
        -1753.3695516334992
      ],
      [
        81.0746693887054,
        -1753.6969113316754
      ],
      [
        82.6961627764768,
        -1753.333827878515
      ],
      [
        84.31765616425196,
        -1754.3862548258803
      ],
      [
        85.9391495520276,
        -1754.2730171413948
      ]
    ]
  },
  "failed_wfs": [
    {
      "configuration": "XO",
      "element": "Ba",
      "exit_status": 400,
      "process_state": "finished"
    },
    {
      "configuration": "XO",
      "element": "Zn",
      "exit_status": 400,
      "process_state": "finished"
    },
    {
      "configuration": "X2O",
      "element": "Tl",
      "exit_status": 400,
      "process_state": "finished"
    },
    {
      "configuration": "XO3",
      "element": "W",
      "exit_status": 400,
      "process_state": "finished"
    },
    {
      "configuration": "XO2",
      "element": "Si",
      "exit_status": 400,
      "process_state": "finished"
    },
    {
      "configuration": "X2O",
      "element": "Sr",
      "exit_status": 400,
      "process_state": "finished"
    },
    {
      "configuration": "XO2",
      "element": "Po",
      "exit_status": 400,
      "process_state": "finished"
    },
    {
      "configuration": "XO",
      "element": "C",
      "exit_status": 400,
      "process_state": "finished"
    },
    {
      "configuration": "XO2",
      "element": "Fe",
      "exit_status": 400,
      "process_state": "finished"
    },
    {
      "configuration": "XO2",
      "element": "Te",
      "exit_status": 400,
      "process_state": "finished"
    },
    {
      "configuration": "XO2",
      "element": "Ru",
      "exit_status": 400,
      "process_state": "finished"
    },
    {
      "configuration": "XO",
      "element": "Ca",
      "exit_status": 400,
      "process_state": "finished"
    },
    {
      "configuration": "X2O",
      "element": "Be",
      "exit_status": 400,
      "process_state": "finished"
    },
    {
      "configuration": "X2O",
      "element": "Li",
      "exit_status": 400,
      "process_state": "finished"
    },
    {
      "configuration": "X2O",
      "element": "Na",
      "exit_status": 400,
      "process_state": "finished"
    },
    {
      "configuration": "XO",
      "element": "Be",
      "exit_status": 400,
      "process_state": "finished"
    },
    {
      "configuration": "X2O",
      "element": "Mg",
      "exit_status": 400,
      "process_state": "finished"
    },
    {
      "configuration": "XO2",
      "element": "Zr",
      "exit_status": 400,
      "process_state": "finished"
    },
    {
      "configuration": "XO",
      "element": "Sr",
      "exit_status": 400,
      "process_state": "finished"
    },
    {
      "configuration": "X2O",
      "element": "Ti",
      "exit_status": 400,
      "process_state": "finished"
    },
    {
      "configuration": "XO",
      "element": "Si",
      "exit_status": 400,
      "process_state": "finished"
    },
    {
      "configuration": "X2O3",
      "element": "Ir",
      "exit_status": 400,
      "process_state": "finished"
    },
    {
      "configuration": "XO2",
      "element": "Os",
      "exit_status": 400,
      "process_state": "finished"
    },
    {
      "configuration": "XO2",
      "element": "Se",
      "exit_status": 400,
      "process_state": "finished"
    },
    {
      "configuration": "XO",
      "element": "K",
      "exit_status": 400,
      "process_state": "finished"
    },
    {
      "configuration": "XO3",
      "element": "Rn",
      "exit_status": 400,
      "process_state": "finished"
    },
    {
      "configuration": "XO",
      "element": "Ge",
      "exit_status": 400,
      "process_state": "finished"
    },
    {
      "configuration": "XO",
      "element": "Sn",
      "exit_status": 400,
      "process_state": "finished"
    },
    {
      "configuration": "XO2",
      "element": "Hf",
      "exit_status": 400,
      "process_state": "finished"
    },
    {
      "configuration": "XO",
      "element": "Pb",
      "exit_status": 400,
      "process_state": "finished"
    },
    {
      "configuration": "XO",
      "element": "Mg",
      "exit_status": 400,
      "process_state": "finished"
    },
    {
      "configuration": "X2O",
      "element": "H",
      "exit_status": 400,